1317,https://n.news.naver.com/mnews/article/088/0000840599?sid=102
1318,https://n.news.naver.com/mnews/article/030/0003145274?sid=102
1319,https://n.news.naver.com/mnews/article/006/0000120271?sid=102
1320,https://n.news.naver.com/mnews/article/030/0003145273?sid=102
1321,https://n.news.naver.com/mnews/article/022/0003864568?sid=102
1322,https://n.news.naver.com/mnews/article/422/0000623977?sid=102
1323,https://n.news.naver.com/mnews/article/052/0001947105?sid=102
1324,https://n.news.naver.com/mnews/article/003/0012146587?sid=102
1325,https://n.news.naver.com/mnews/article/009/0005199250?sid=102
1326,https://n.news.naver.com/mnews/article/119/0002758147?sid=102
1327,https://n.news.naver.com/mnews/article/030/0003145272?sid=102
1328,https://n.news.naver.com/mnews/article/119/0002758146?sid=102
1329,https://n.news.naver.com/mnews/article/009/0005199249?sid=102
1330,https://n.news.naver.com/mnews/article/003/0012146583?sid=102
1331,https://n.news.naver.com/mnews/article/003/0012146582?sid=102
1332,https://n.news.naver.com/mnews/article/003/0012146581?sid=102
1333,https://n.news.naver.com/mnews/article/003/0012146580?sid=102
1334,https://n.news.naver.com/mnews/article/003/0012146579?sid=102
1335,https://n.news.naver.com/mnews/article/003/0012146578?sid=102
1336,https://n.news.naver.com/mnews/article/003/0012146577?sid=102
1337,https://n.news.naver.com/mnews/article/056/0011581829?sid=101
1338,https://n.news.naver.com/mnews/article/052/0001946882?sid=101
1339,https://n.news.naver.com/mnews/article/003/0012145874?sid=101
1340,https://n.news.naver.com/mnews/article/052/0001946872?sid=101
1341,https://n.news.naver.com/mnews/article/052/0001946871?sid=101
1342,https://n.news.naver.com/mnews/article/056/0011581836?sid=101
1343,https://n.news.naver.com/mnews/article/018/0005595579?sid=101
1344,https://n.news.naver.com/mnews/article/056/0011581834?sid=101
1345,https://n.news.naver.com/mnews/article/056/0011581833?sid=101
1346,https://n.news.naver.com/mnews/article/056/0011581831?sid=101
1347,https://n.news.naver.com/mnews/article/001/0014261653?sid=101
1348,https://n.news.naver.com/mnews/article/001/0014261647?sid=101
1349,https://n.news.naver.com/mnews/article/056/0011581819?sid=101
1350,https://n.news.naver.com/mnews/article/021/0002599007?sid=101
1351,https://n.news.naver.com/mnews/article/448/0000431609?sid=101
1352,https://n.news.naver.com/mnews/article/448/0000431607?sid=101
1353,https://n.news.naver.com/mnews/article/001/0014261610?sid=101
1354,https://n.news.naver.com/mnews/article/448/0000431605?sid=101
1355,https://n.news.naver.com/mnews/article/448/0000431601?sid=101
1356,https://n.news.naver.com/mnews/article/052/0001946854?sid=101
1357,https://n.news.naver.com/mnews/article/421/0007103757?sid=102
1358,https://n.news.naver.com/mnews/article/001/0014256059?sid=102
1359,https://n.news.naver.com/mnews/article/001/0014256058?sid=102
1360,https://n.news.naver.com/mnews/article/003/0012140917?sid=102
1361,https://n.news.naver.com/mnews/article/005/0001643735?sid=102
1362,https://n.news.naver.com/mnews/article/056/0011580238?sid=102
1363,https://n.news.naver.com/mnews/article/056/0011580237?sid=102
1364,https://n.news.naver.com/mnews/article/056/0011580235?sid=102
1365,https://n.news.naver.com/mnews/article/659/0000015533?sid=102
1366,https://n.news.naver.com/mnews/article/421/0007103748?sid=102
1367,https://n.news.naver.com/mnews/article/629/0000243140?sid=102
1368,https://n.news.naver.com/mnews/article/022/0003863624?sid=102
1369,https://n.news.naver.com/mnews/article/022/0003863623?sid=102
1370,https://n.news.naver.com/mnews/article/056/0011580215?sid=102
1371,https://n.news.naver.com/mnews/article/020/0003524854?sid=102
1372,https://n.news.naver.com/mnews/article/030/0003144053?sid=102
1373,https://n.news.naver.com/mnews/article/025/0003313597?sid=102
1374,https://n.news.naver.com/mnews/article/422/0000623454?sid=102
1375,https://n.news.naver.com/mnews/article/001/0014256047?sid=102
1376,https://n.news.naver.com/mnews/article/052/0001945909?sid=102
1377,https://n.news.naver.com/mnews/article/056/0011579382?sid=101
1378,https://n.news.naver.com/mnews/article/052/0001945439?sid=101
1379,https://n.news.naver.com/mnews/article/003/0012138408?sid=101
1380,https://n.news.naver.com/mnews/article/002/0002303330?sid=101
1381,https://n.news.naver.com/mnews/article/036/0000048843?sid=101
1382,https://n.news.naver.com/mnews/article/052/0001945434?sid=101
1383,https://n.news.naver.com/mnews/article/056/0011579351?sid=101
1384,https://n.news.naver.com/mnews/article/052/0001945430?sid=101
1385,https://n.news.naver.com/mnews/article/079/0003821476?sid=101
1386,https://n.news.naver.com/mnews/article/052/0001945429?sid=101
1387,https://n.news.naver.com/mnews/article/052/0001945428?sid=101
1388,https://n.news.naver.com/mnews/article/422/0000623271?sid=101
1389,https://n.news.naver.com/mnews/article/056/0011579348?sid=101
1390,https://n.news.naver.com/mnews/article/056/0011579370?sid=101
1391,https://n.news.naver.com/mnews/article/056/0011579369?sid=101
1392,https://n.news.naver.com/mnews/article/056/0011579366?sid=101
1393,https://n.news.naver.com/mnews/article/056/0011579365?sid=101
1394,https://n.news.naver.com/mnews/article/422/0000623269?sid=101
1395,https://n.news.naver.com/mnews/article/001/0014253411?sid=101
1396,https://n.news.naver.com/mnews/article/001/0014253408?sid=101
1526,https://n.news.naver.com/mnews/article/003/0012133889?sid=102
1527,https://n.news.naver.com/mnews/article/056/0011577940?sid=102
1528,https://n.news.naver.com/mnews/article/056/0011577979?sid=102
1529,https://n.news.naver.com/mnews/article/001/0014247218?sid=102
1530,https://n.news.naver.com/mnews/article/056/0011577978?sid=102
1531,https://n.news.naver.com/mnews/article/056/0011577977?sid=102
1532,https://n.news.naver.com/mnews/article/366/0000937632?sid=102
1533,https://n.news.naver.com/mnews/article/030/0003142816?sid=102
1534,https://n.news.naver.com/mnews/article/056/0011577973?sid=102
1535,https://n.news.naver.com/mnews/article/036/0000048831?sid=102
1536,https://n.news.naver.com/mnews/article/056/0011577972?sid=102
1537,https://n.news.naver.com/mnews/article/056/0011577971?sid=102
1538,https://n.news.naver.com/mnews/article/056/0011577970?sid=102
1539,https://n.news.naver.com/mnews/article/056/0011577968?sid=102
1540,https://n.news.naver.com/mnews/article/056/0011577967?sid=102
1541,https://n.news.naver.com/mnews/article/008/0004946226?sid=102
1542,https://n.news.naver.com/mnews/article/056/0011577966?sid=102
1543,https://n.news.naver.com/mnews/article/056/0011577965?sid=102
1544,https://n.news.naver.com/mnews/article/001/0014247151?sid=102
1545,https://n.news.naver.com/mnews/article/056/0011577964?sid=102
1546,https://n.news.naver.com/mnews/article/421/0007096878?sid=102
1547,https://n.news.naver.com/mnews/article/660/0000046466?sid=102
1548,https://n.news.naver.com/mnews/article/310/0000110873?sid=102
1549,https://n.news.naver.com/mnews/article/022/0003862621?sid=102
1550,https://n.news.naver.com/mnews/article/006/0000120170?sid=102
1551,https://n.news.naver.com/mnews/article/030/0003143033?sid=102
1552,https://n.news.naver.com/mnews/article/022/0003862620?sid=102
1553,https://n.news.naver.com/mnews/article/055/0001095670?sid=102
1554,https://n.news.naver.com/mnews/article/018/0005591569?sid=102
1555,https://n.news.naver.com/mnews/article/009/0005196417?sid=102
1556,https://n.news.naver.com/mnews/article/214/0001304003?sid=102
1557,https://n.news.naver.com/mnews/article/081/0003398784?sid=102
1558,https://n.news.naver.com/mnews/article/056/0011578177?sid=102
1559,https://n.news.naver.com/mnews/article/056/0011578176?sid=102
1560,https://n.news.naver.com/mnews/article/056/0011578175?sid=102
1561,https://n.news.naver.com/mnews/article/056/0011578174?sid=102
1562,https://n.news.naver.com/mnews/article/022/0003862617?sid=102
1563,https://n.news.naver.com/mnews/article/022/0003862614?sid=102
1564,https://n.news.naver.com/mnews/article/055/0001095668?sid=102
1565,https://n.news.naver.com/mnews/article/214/0001304002?sid=102
